[
  {
    "id": "a4968596-0db6-4869-b9f2-655c067453dd",
    "data": [
      {
        "text": "Bye-Bye",
        "userDefined": false
      }
    ],
    "isTemplate": false,
    "count": 0
  },
  {
    "id": "04fb8a45-251f-4d5e-8673-88342afe7e73",
    "data": [
      {
        "text": "Bye",
        "userDefined": false
      }
    ],
    "isTemplate": false,
    "count": 0
  },
  {
    "id": "54a3d0a6-388a-4a78-84dc-f5cefbd11ad3",
    "data": [
      {
        "text": "Goodbye",
        "userDefined": false
      }
    ],
    "isTemplate": false,
    "count": 0
  }
]