[
  {
    "id": "5cbd4f34-86c7-4e15-aad9-3bf10668eb02",
    "data": [
      {
        "text": "change reminder\u0027s title",
        "userDefined": false
      }
    ],
    "isTemplate": false,
    "count": 0,
    "updated": 1508523776
  },
  {
    "id": "9e790214-efec-4b13-ae7e-7e00c29172c7",
    "data": [
      {
        "text": "change name for reminder about ",
        "userDefined": false
      },
      {
        "text": "visiting my parents",
        "alias": "old-name",
        "meta": "@sys.any",
        "userDefined": false
      }
    ],
    "isTemplate": false,
    "count": 0,
    "updated": 1508523844
  },
  {
    "id": "b5abc2f4-61b6-497d-aec0-a38e5344a4de",
    "data": [
      {
        "text": "change the name",
        "userDefined": false
      }
    ],
    "isTemplate": false,
    "count": 0,
    "updated": 1508454207
  },
  {
    "id": "b7f596e1-6e5f-442e-9158-d83aafcd57e1",
    "data": [
      {
        "text": "rename the reminder ",
        "userDefined": false
      },
      {
        "text": "wash my flat",
        "alias": "old-name",
        "meta": "@sys.any",
        "userDefined": true
      },
      {
        "text": " to ",
        "userDefined": false
      },
      {
        "text": "wash my car",
        "alias": "name",
        "meta": "@sys.any",
        "userDefined": false
      }
    ],
    "isTemplate": false,
    "count": 0,
    "updated": 1508524070
  },
  {
    "id": "eae5dd1e-58f0-4bc6-bc87-2b994e0a3596",
    "data": [
      {
        "text": "change the name of my reminder",
        "userDefined": false
      }
    ],
    "isTemplate": false,
    "count": 1,
    "updated": 1508454207
  },
  {
    "id": "4395120b-68f7-4270-9b02-e0d42c617ccf",
    "data": [
      {
        "text": "I don\u0027t like the name of this reminder",
        "userDefined": false
      }
    ],
    "isTemplate": false,
    "count": 0,
    "updated": 1508454207
  },
  {
    "id": "0640dd7a-edb7-4f47-849f-e4add318cae8",
    "data": [
      {
        "text": "rename",
        "userDefined": false
      }
    ],
    "isTemplate": false,
    "count": 0,
    "updated": 1508454207
  },
  {
    "id": "c88877f9-52d7-4590-bd33-8e7444c5d7e2",
    "data": [
      {
        "text": "edit reminder with the title pills",
        "userDefined": false
      }
    ],
    "isTemplate": false,
    "count": 0,
    "updated": 1508523776
  },
  {
    "id": "1190e864-bd70-48e9-a63a-703cab22fe16",
    "data": [
      {
        "text": "reminder about ",
        "userDefined": false
      },
      {
        "text": "running",
        "alias": "old-name",
        "meta": "@sys.any",
        "userDefined": false
      },
      {
        "text": " should be renamed to ",
        "userDefined": false
      },
      {
        "text": "yoga",
        "alias": "name",
        "meta": "@sys.any",
        "userDefined": true
      }
    ],
    "isTemplate": false,
    "count": 0,
    "updated": 1508454379
  },
  {
    "id": "e4165cbb-7d8b-4180-b6dc-9d99e176eacd",
    "data": [
      {
        "text": "rename reminder about ",
        "userDefined": false
      },
      {
        "text": "pills",
        "alias": "old-name",
        "meta": "@sys.any",
        "userDefined": false
      },
      {
        "text": " to ",
        "userDefined": false
      },
      {
        "text": "eat apples",
        "alias": "name",
        "meta": "@sys.any",
        "userDefined": true
      }
    ],
    "isTemplate": false,
    "count": 0,
    "updated": 1508523667
  },
  {
    "id": "b740ea10-fabe-4469-8805-14d6cd05fd5b",
    "data": [
      {
        "text": "rename my reminder",
        "userDefined": false
      }
    ],
    "isTemplate": false,
    "count": 0,
    "updated": 0
  },
  {
    "id": "e5873523-21a8-4d13-b6d2-5e7425b4a318",
    "data": [
      {
        "text": "change reminder titled ",
        "userDefined": false
      },
      {
        "text": "feed the dog",
        "alias": "old-name",
        "meta": "@sys.any",
        "userDefined": true
      },
      {
        "text": " to ",
        "userDefined": false
      },
      {
        "text": "cat\u0027s food",
        "alias": "name",
        "meta": "@sys.any",
        "userDefined": false
      }
    ],
    "isTemplate": false,
    "count": 0,
    "updated": 1508523751
  },
  {
    "id": "612c9b4e-199d-420e-90b1-b715368d9e09",
    "data": [
      {
        "text": "rename my reminder about ",
        "userDefined": false
      },
      {
        "text": "cats",
        "alias": "old-name",
        "meta": "@sys.any",
        "userDefined": false
      }
    ],
    "isTemplate": false,
    "count": 1,
    "updated": 0
  },
  {
    "id": "88d3967a-925c-4f3a-a366-1b6d15a4510c",
    "data": [
      {
        "text": "I want ",
        "userDefined": false
      },
      {
        "text": "call",
        "meta": "@sys.ignore",
        "userDefined": false
      },
      {
        "text": " my reminder differently",
        "userDefined": false
      }
    ],
    "isTemplate": false,
    "count": 0,
    "updated": 1508454207
  },
  {
    "id": "f1f798e7-2f21-4317-a7d6-afad77d4047e",
    "data": [
      {
        "text": "please change name for the reminder",
        "userDefined": false
      }
    ],
    "isTemplate": false,
    "count": 0,
    "updated": 1508454207
  },
  {
    "id": "8a4a316a-ae65-4d27-a18b-ed1b5a580fde",
    "data": [
      {
        "text": "rename reminder",
        "userDefined": false
      }
    ],
    "isTemplate": false,
    "count": 0,
    "updated": 1508454207
  }
]