[
  {
    "id": "91845ded-f2b8-4f28-ab39-522581f43de3",
    "data": [
      {
        "text": "let\u0027s discuss something",
        "userDefined": false
      }
    ],
    "isTemplate": false,
    "count": 1,
    "updated": 0
  },
  {
    "id": "bf1ac57b-1547-4ad8-b715-12e5fd8e9fe7",
    "data": [
      {
        "text": "I want to speak with you",
        "userDefined": false
      }
    ],
    "isTemplate": false,
    "count": 0,
    "updated": 0
  },
  {
    "id": "fb34f783-2fa0-49e3-8398-209bc74bc849",
    "data": [
      {
        "text": "can I speak",
        "userDefined": false
      }
    ],
    "isTemplate": false,
    "count": 0,
    "updated": 0
  },
  {
    "id": "be31bfd3-daab-43df-879f-94fc7940e584",
    "data": [
      {
        "text": "let\u0027s talk",
        "userDefined": false
      }
    ],
    "isTemplate": false,
    "count": 0,
    "updated": 0
  },
  {
    "id": "bb5c76b0-3ebd-4c0a-88b4-bd2a99d1b203",
    "data": [
      {
        "text": "can we chat",
        "userDefined": false
      }
    ],
    "isTemplate": false,
    "count": 0,
    "updated": 0
  },
  {
    "id": "38a29eae-cf11-4752-9f56-60d25cc7131d",
    "data": [
      {
        "text": "can I start speaking",
        "userDefined": false
      }
    ],
    "isTemplate": false,
    "count": 0,
    "updated": 0
  },
  {
    "id": "f3a97186-d3df-425f-8dca-b321a438d004",
    "data": [
      {
        "text": "I want to talk to you",
        "userDefined": false
      }
    ],
    "isTemplate": false,
    "count": 0,
    "updated": 0
  },
  {
    "id": "60685a9e-2357-4e69-a491-8a321f822dd5",
    "data": [
      {
        "text": "let\u0027s have a discussion",
        "userDefined": false
      }
    ],
    "isTemplate": false,
    "count": 0,
    "updated": 0
  },
  {
    "id": "4f379c4d-2ce1-47d0-b098-494aafadb880",
    "data": [
      {
        "text": "I need to talk to you",
        "userDefined": false
      }
    ],
    "isTemplate": false,
    "count": 0,
    "updated": 0
  },
  {
    "id": "b9591710-a8f7-4673-b4c0-3e1a3370dd85",
    "data": [
      {
        "text": "I just want to talk",
        "userDefined": false
      }
    ],
    "isTemplate": false,
    "count": 0,
    "updated": 0
  },
  {
    "id": "8d9e0eb0-79da-4ed5-b4af-facf060d86bc",
    "data": [
      {
        "text": "can we talk",
        "userDefined": false
      }
    ],
    "isTemplate": false,
    "count": 0,
    "updated": 0
  }
]