[
  {
    "id": "72f93001-e0b9-44d9-b0c8-77da0cb0306a",
    "data": [
      {
        "text": "no worries",
        "userDefined": false
      }
    ],
    "isTemplate": false,
    "count": 0,
    "updated": 0
  },
  {
    "id": "410a81be-0382-4e00-9af0-fd2493a9cc90",
    "data": [
      {
        "text": "don\u0027t",
        "meta": "@sys.ignore",
        "userDefined": false
      },
      {
        "text": " worry there\u0027s no problem",
        "userDefined": false
      }
    ],
    "isTemplate": false,
    "count": 0,
    "updated": 0
  },
  {
    "id": "0edb7f32-be9e-43ca-b2a2-6a461300b073",
    "data": [
      {
        "text": "sure",
        "meta": "@sys.ignore",
        "userDefined": false
      },
      {
        "text": " no problem",
        "userDefined": false
      }
    ],
    "isTemplate": false,
    "count": 0,
    "updated": 0
  },
  {
    "id": "9483a357-1f51-4eb5-bf77-f1f2e299b4d5",
    "data": [
      {
        "text": "there\u0027s no problem",
        "userDefined": false
      }
    ],
    "isTemplate": false,
    "count": 0,
    "updated": 0
  },
  {
    "id": "8ef81139-46f5-4b31-b6f5-9b11b341acea",
    "data": [
      {
        "text": "no problem about that",
        "userDefined": false
      }
    ],
    "isTemplate": false,
    "count": 0,
    "updated": 0
  },
  {
    "id": "23e5c588-c0bc-41d8-bcf2-3b508b04ac32",
    "data": [
      {
        "text": "no problem",
        "userDefined": false
      }
    ],
    "isTemplate": false,
    "count": 0,
    "updated": 0
  },
  {
    "id": "ce7d8a88-41ab-4259-b6e4-957564de7bc3",
    "data": [
      {
        "text": "no probs",
        "userDefined": false
      }
    ],
    "isTemplate": false,
    "count": 0,
    "updated": 0
  },
  {
    "id": "f89948c6-4490-4810-99d3-b2d5ebd3b009",
    "data": [
      {
        "text": "don",
        "meta": "@sys.ignore",
        "userDefined": false
      },
      {
        "text": "\u0027t worry",
        "userDefined": false
      }
    ],
    "isTemplate": false,
    "count": 0,
    "updated": 0
  }
]