[
  {
    "id": "e89923ab-ac6d-4b61-8573-b7a3b4473458",
    "data": [
      {
        "text": "how excited I am",
        "userDefined": false
      }
    ],
    "isTemplate": false,
    "count": 0,
    "updated": 0
  },
  {
    "id": "e48de759-7275-4525-8204-092ae6325a38",
    "data": [
      {
        "text": "I\u0027m really excited",
        "userDefined": false
      }
    ],
    "isTemplate": false,
    "count": 0,
    "updated": 0
  },
  {
    "id": "fc0d3565-e9e8-4d25-9578-9902151cdaa2",
    "data": [
      {
        "text": "I\u0027m excited about working with you",
        "userDefined": false
      }
    ],
    "isTemplate": false,
    "count": 0,
    "updated": 0
  },
  {
    "id": "245cbcaa-9398-4986-8e68-b7260cc2a913",
    "data": [
      {
        "text": "I\u0027m excited to start our friendship",
        "userDefined": false
      }
    ],
    "isTemplate": false,
    "count": 0,
    "updated": 0
  },
  {
    "id": "18fe8492-c1eb-411a-9bdf-eef507a571e2",
    "data": [
      {
        "text": "I\u0027m thrilled",
        "userDefined": false
      }
    ],
    "isTemplate": false,
    "count": 0,
    "updated": 0
  },
  {
    "id": "822dcf2b-e5e5-4d74-b5c0-24fc21e49538",
    "data": [
      {
        "text": "I am excited",
        "userDefined": false
      }
    ],
    "isTemplate": false,
    "count": 0,
    "updated": 0
  }
]