[
  {
    "id": "fe05b571-114c-4113-a733-0d468673dc1c",
    "data": [
      {
        "text": "I\u0027m just playing with you",
        "userDefined": false
      }
    ],
    "isTemplate": false,
    "count": 0,
    "updated": 1529441326
  },
  {
    "id": "8a60a7e3-6bb2-4b30-9d7d-fd3af442e1b0",
    "data": [
      {
        "text": "I\u0027m kidding",
        "userDefined": false
      }
    ],
    "isTemplate": false,
    "count": 0,
    "updated": 1529441326
  },
  {
    "id": "929dadfc-1320-4a37-8243-8378313adca4",
    "data": [
      {
        "text": "joking",
        "userDefined": false
      }
    ],
    "isTemplate": false,
    "count": 0,
    "updated": 1529441326
  },
  {
    "id": "6227b66f-5bfc-4eb0-9b14-cf3879ab1a29",
    "data": [
      {
        "text": "it\u0027s a joke",
        "userDefined": false
      }
    ],
    "isTemplate": false,
    "count": 0,
    "updated": 1529441326
  },
  {
    "id": "357478c8-3de0-458c-bc21-022831482120",
    "data": [
      {
        "text": "it was a joke",
        "userDefined": false
      }
    ],
    "isTemplate": false,
    "count": 0,
    "updated": 1529441326
  },
  {
    "id": "0110de43-cef8-452a-875d-f0a9b6b37a81",
    "data": [
      {
        "text": "I\u0027m just being funny",
        "userDefined": false
      }
    ],
    "isTemplate": false,
    "count": 0,
    "updated": 1529441326
  },
  {
    "id": "650723b0-28d4-4e57-a33a-56216458de7a",
    "data": [
      {
        "text": "kidding",
        "userDefined": false
      }
    ],
    "isTemplate": false,
    "count": 0,
    "updated": 1529441326
  },
  {
    "id": "a7e9a63c-d136-49fb-b1ef-945f72bec858",
    "data": [
      {
        "text": "I am joking",
        "userDefined": false
      }
    ],
    "isTemplate": false,
    "count": 0,
    "updated": 1529441326
  },
  {
    "id": "19515d35-df3a-4fff-a366-8c843cf20360",
    "data": [
      {
        "text": "just kidding",
        "userDefined": false
      }
    ],
    "isTemplate": false,
    "count": 0,
    "updated": 1529441326
  },
  {
    "id": "57a4f580-f878-48ba-9e87-96bc1f97eff0",
    "data": [
      {
        "text": "I was just joking",
        "userDefined": false
      }
    ],
    "isTemplate": false,
    "count": 0,
    "updated": 1529441326
  }
]