[
  {
    "id": "6234a458-7c5d-4015-a3be-71f1c75be820",
    "data": [
      {
        "text": "here I am again",
        "userDefined": false
      }
    ],
    "isTemplate": false,
    "count": 0,
    "updated": 0
  },
  {
    "id": "0b110b15-1e34-477a-8e56-581a6a6f0f24",
    "data": [
      {
        "text": "I got back",
        "userDefined": false
      }
    ],
    "isTemplate": false,
    "count": 0,
    "updated": 0
  },
  {
    "id": "724f1efe-99dd-41bf-9eee-419b7510abd9",
    "data": [
      {
        "text": "I have returned",
        "userDefined": false
      }
    ],
    "isTemplate": false,
    "count": 0,
    "updated": 0
  },
  {
    "id": "649c1d67-5c35-41e1-8d69-6635b7b840a0",
    "data": [
      {
        "text": "I\u0027m here again",
        "userDefined": false
      }
    ],
    "isTemplate": false,
    "count": 0,
    "updated": 0
  },
  {
    "id": "1a9ba8d2-de9e-4d72-92d4-cec0144c1450",
    "data": [
      {
        "text": "I am back",
        "userDefined": false
      }
    ],
    "isTemplate": false,
    "count": 0,
    "updated": 0
  },
  {
    "id": "4cf433bd-5631-4ef4-80b1-2e4ba2948961",
    "data": [
      {
        "text": "I came back",
        "userDefined": false
      }
    ],
    "isTemplate": false,
    "count": 0,
    "updated": 0
  }
]