[
  {
    "id": "da533971-89ff-4942-a618-2f4a420db3e1",
    "data": [
      {
        "text": "wow wow wow",
        "userDefined": false
      }
    ],
    "isTemplate": false,
    "count": 0,
    "updated": 0
  },
  {
    "id": "7294f1a8-4956-4117-b244-8e7b742136ad",
    "data": [
      {
        "text": "woah",
        "userDefined": false
      }
    ],
    "isTemplate": false,
    "count": 0,
    "updated": 0
  },
  {
    "id": "2d1a9bb6-6d6a-4147-9622-0c15fddfc41e",
    "data": [
      {
        "text": "wow wow",
        "userDefined": false
      }
    ],
    "isTemplate": false,
    "count": 0,
    "updated": 0
  },
  {
    "id": "b875a014-108b-44e1-a8df-9fdd99b7e7fd",
    "data": [
      {
        "text": "wooow",
        "userDefined": false
      }
    ],
    "isTemplate": false,
    "count": 0,
    "updated": 0
  },
  {
    "id": "5b2aefab-b3a6-425e-9aa9-8fdfa2a15db4",
    "data": [
      {
        "text": "wow",
        "userDefined": false
      }
    ],
    "isTemplate": false,
    "count": 0,
    "updated": 0
  }
]