[
  {
    "id": "973354d2-b4c4-4507-aa71-dded027c25a3",
    "data": [
      {
        "text": "hahaha",
        "userDefined": false
      }
    ],
    "isTemplate": false,
    "count": 1,
    "updated": 0
  },
  {
    "id": "5c85886f-5289-45a8-8e45-558e5c5f4d7b",
    "data": [
      {
        "text": "hahaha ",
        "userDefined": false
      },
      {
        "text": "funny",
        "meta": "@sys.ignore",
        "userDefined": false
      }
    ],
    "isTemplate": false,
    "count": 0,
    "updated": 0
  },
  {
    "id": "830103bb-fa59-41c2-be2f-58ea6aa79fb7",
    "data": [
      {
        "text": "ah ah ah",
        "userDefined": false
      }
    ],
    "isTemplate": false,
    "count": 0,
    "updated": 0
  },
  {
    "id": "d1f3653e-443f-49e6-8056-e99f53fcaf90",
    "data": [
      {
        "text": "ha ha ha ha",
        "userDefined": false
      }
    ],
    "isTemplate": false,
    "count": 0,
    "updated": 0
  },
  {
    "id": "3f34222c-a0a1-4009-a558-06e79cc2ebb2",
    "data": [
      {
        "text": "hah",
        "userDefined": false
      }
    ],
    "isTemplate": false,
    "count": 0,
    "updated": 0
  },
  {
    "id": "a6314726-9373-407a-aeca-0303c477032e",
    "data": [
      {
        "text": "ahah lol",
        "userDefined": false
      }
    ],
    "isTemplate": false,
    "count": 0,
    "updated": 0
  },
  {
    "id": "b05bdf4a-57e2-420f-a8ed-df31838ee112",
    "data": [
      {
        "text": "hehehe",
        "userDefined": false
      }
    ],
    "isTemplate": false,
    "count": 0,
    "updated": 0
  },
  {
    "id": "0b2adbb0-b2d6-4808-bf26-2d54c7fe9a95",
    "data": [
      {
        "text": "lol",
        "userDefined": false
      }
    ],
    "isTemplate": false,
    "count": 0,
    "updated": 0
  },
  {
    "id": "82169388-88e1-428d-b97a-dcf347af1bbe",
    "data": [
      {
        "text": "ahahaha",
        "userDefined": false
      }
    ],
    "isTemplate": false,
    "count": 0,
    "updated": 0
  },
  {
    "id": "b3e0d173-9c91-4001-a816-9cbd7fe0f749",
    "data": [
      {
        "text": "haha ",
        "userDefined": false
      },
      {
        "text": "funny",
        "meta": "@sys.ignore",
        "userDefined": false
      }
    ],
    "isTemplate": false,
    "count": 0,
    "updated": 0
  },
  {
    "id": "dc063ac7-9edc-4f6e-8331-4efdbd3debb3",
    "data": [
      {
        "text": "ah",
        "userDefined": false
      }
    ],
    "isTemplate": false,
    "count": 0,
    "updated": 0
  },
  {
    "id": "d89c07db-6567-4199-b858-8377b279b217",
    "data": [
      {
        "text": "that\u0027s ",
        "userDefined": false
      },
      {
        "text": "funny",
        "meta": "@sys.ignore",
        "userDefined": true
      }
    ],
    "isTemplate": false,
    "count": 0,
    "updated": 0
  },
  {
    "id": "58c10f6b-751e-4e52-aae1-3fb7c2de37f8",
    "data": [
      {
        "text": "haha very ",
        "userDefined": false
      },
      {
        "text": "funny",
        "meta": "@sys.ignore",
        "userDefined": false
      }
    ],
    "isTemplate": false,
    "count": 0,
    "updated": 0
  },
  {
    "id": "793db1bf-6a64-48e1-a6de-bc3f1df3eb85",
    "data": [
      {
        "text": "LMAO",
        "userDefined": false
      }
    ],
    "isTemplate": false,
    "count": 1,
    "updated": 0
  },
  {
    "id": "e0490d70-de9d-4d82-9b69-f4106ac69e09",
    "data": [
      {
        "text": "haha",
        "userDefined": false
      }
    ],
    "isTemplate": false,
    "count": 0,
    "updated": 0
  },
  {
    "id": "8aa5eed6-5b40-4c2a-a4dd-3a01edc1e97f",
    "data": [
      {
        "text": "ha",
        "userDefined": false
      }
    ],
    "isTemplate": false,
    "count": 0,
    "updated": 0
  },
  {
    "id": "51113f42-1190-4265-a603-a7ac52245242",
    "data": [
      {
        "text": "haha haha haha",
        "userDefined": false
      }
    ],
    "isTemplate": false,
    "count": 0,
    "updated": 0
  },
  {
    "id": "1a329bc1-08a2-46a9-9e6d-a1d33f9f19a4",
    "data": [
      {
        "text": "ahaha",
        "userDefined": false
      }
    ],
    "isTemplate": false,
    "count": 0,
    "updated": 0
  },
  {
    "id": "083f680d-a928-4ef7-9c02-9d9ef2dc2e57",
    "data": [
      {
        "text": "ha ha",
        "userDefined": false
      }
    ],
    "isTemplate": false,
    "count": 0,
    "updated": 0
  },
  {
    "id": "6d62255b-9fbd-4726-810a-a01c07a7f51a",
    "data": [
      {
        "text": "hahaha very ",
        "userDefined": false
      },
      {
        "text": "funny",
        "meta": "@sys.ignore",
        "userDefined": false
      }
    ],
    "isTemplate": false,
    "count": 0,
    "updated": 0
  },
  {
    "id": "07267dc1-a259-4bcb-8085-8fa2b157d78d",
    "data": [
      {
        "text": "he",
        "userDefined": false
      }
    ],
    "isTemplate": false,
    "count": 0,
    "updated": 0
  },
  {
    "id": "7eb4a5a4-17ce-4645-8306-489fcf0299f2",
    "data": [
      {
        "text": "laughing out ",
        "userDefined": false
      },
      {
        "text": "loud",
        "meta": "@sys.ignore",
        "userDefined": true
      }
    ],
    "isTemplate": false,
    "count": 0,
    "updated": 0
  },
  {
    "id": "287f2c8c-78b8-4cf8-980e-c301b1cdeaab",
    "data": [
      {
        "text": "xd",
        "userDefined": false
      }
    ],
    "isTemplate": false,
    "count": 0,
    "updated": 0
  },
  {
    "id": "b87f5be0-562d-4993-8b7d-692c31f25c0c",
    "data": [
      {
        "text": "huh",
        "meta": "@sys.ignore",
        "userDefined": false
      }
    ],
    "isTemplate": false,
    "count": 0,
    "updated": 0
  },
  {
    "id": "faf86b97-c354-42eb-ba99-a23280c02501",
    "data": [
      {
        "text": "lmao",
        "userDefined": false
      }
    ],
    "isTemplate": false,
    "count": 0,
    "updated": 0
  },
  {
    "id": "73cf41db-94c7-4f05-9605-737cfe0e3b44",
    "data": [
      {
        "text": "haha that\u0027s ",
        "userDefined": false
      },
      {
        "text": "funny",
        "meta": "@sys.ignore",
        "userDefined": false
      }
    ],
    "isTemplate": false,
    "count": 0,
    "updated": 0
  },
  {
    "id": "a8f7f146-8c35-4a95-a949-900d328a209b",
    "data": [
      {
        "text": "ha ha ha",
        "userDefined": false
      }
    ],
    "isTemplate": false,
    "count": 0,
    "updated": 0
  },
  {
    "id": "95538125-e214-4668-8453-262ece2780f1",
    "data": [
      {
        "text": "hehe",
        "userDefined": false
      }
    ],
    "isTemplate": false,
    "count": 0,
    "updated": 0
  },
  {
    "id": "e0610069-042d-4a2d-8040-31762148d3e6",
    "data": [
      {
        "text": "ahah",
        "userDefined": false
      }
    ],
    "isTemplate": false,
    "count": 0,
    "updated": 0
  },
  {
    "id": "340dd1ca-59e8-4597-a4d1-037c2da9cae8",
    "data": [
      {
        "text": "ahahah",
        "userDefined": false
      }
    ],
    "isTemplate": false,
    "count": 0,
    "updated": 0
  }
]