[
  {
    "id": "7b363414-c564-467e-a904-2cc504863d46",
    "data": [
      {
        "text": "I got work to do",
        "userDefined": false
      }
    ],
    "isTemplate": false,
    "count": 0,
    "updated": 0
  },
  {
    "id": "3f8f50a0-ed6a-4cd9-a906-7b5244c5feb4",
    "data": [
      {
        "text": "I\u0027m busy",
        "userDefined": false
      }
    ],
    "isTemplate": false,
    "count": 0,
    "updated": 0
  },
  {
    "id": "ed160cf5-d83e-4e85-9cd1-3008f47abb28",
    "data": [
      {
        "text": "I\u0027m overloaded",
        "userDefined": false
      }
    ],
    "isTemplate": false,
    "count": 0,
    "updated": 0
  },
  {
    "id": "d9d8acfd-31bb-4d5b-8362-471b850f68ab",
    "data": [
      {
        "text": "I have no time",
        "userDefined": false
      }
    ],
    "isTemplate": false,
    "count": 0,
    "updated": 0
  },
  {
    "id": "d3eeb358-a8a7-4907-ba89-cd7761053fd7",
    "data": [
      {
        "text": "I don\u0027t have time for this",
        "userDefined": false
      }
    ],
    "isTemplate": false,
    "count": 0,
    "updated": 0
  },
  {
    "id": "addce7da-5222-4a36-9958-805e56e4fdf2",
    "data": [
      {
        "text": "I\u0027m working",
        "userDefined": false
      }
    ],
    "isTemplate": false,
    "count": 0,
    "updated": 0
  },
  {
    "id": "d59438b0-39bf-4f66-a1ed-6d748cbdbb8a",
    "data": [
      {
        "text": "I\u0027m swamped",
        "userDefined": false
      }
    ],
    "isTemplate": false,
    "count": 0,
    "updated": 0
  },
  {
    "id": "0d67b836-87df-4e70-85f3-f9566fb4cb6a",
    "data": [
      {
        "text": "how busy I am",
        "userDefined": false
      }
    ],
    "isTemplate": false,
    "count": 0,
    "updated": 0
  },
  {
    "id": "0655fb13-3cec-4509-8798-a366062b21b3",
    "data": [
      {
        "text": "I got things to do",
        "userDefined": false
      }
    ],
    "isTemplate": false,
    "count": 0,
    "updated": 0
  }
]