[
  {
    "id": "c9692480-6ca3-44ed-bb15-a83215603be4",
    "data": [
      {
        "text": "sorry",
        "userDefined": false
      }
    ],
    "isTemplate": false,
    "count": 0,
    "updated": 0
  },
  {
    "id": "46b71af4-0cbe-43eb-86db-cd3615118035",
    "data": [
      {
        "text": "excuse",
        "userDefined": false
      }
    ],
    "isTemplate": false,
    "count": 1,
    "updated": 0
  },
  {
    "id": "6a11709d-a4ab-4121-8744-e29039faba35",
    "data": [
      {
        "text": "I apologize",
        "userDefined": false
      }
    ],
    "isTemplate": false,
    "count": 0,
    "updated": 0
  },
  {
    "id": "0df76019-f8fa-4347-af08-827f87c22cd0",
    "data": [
      {
        "text": "I beg ",
        "userDefined": false
      },
      {
        "text": "your",
        "meta": "@sys.ignore",
        "userDefined": false
      },
      {
        "text": " pardon",
        "userDefined": false
      }
    ],
    "isTemplate": false,
    "count": 0,
    "updated": 0
  },
  {
    "id": "387a761c-7c19-463e-b8de-fad07cd396e9",
    "data": [
      {
        "text": "excuse me",
        "userDefined": false
      }
    ],
    "isTemplate": false,
    "count": 1,
    "updated": 0
  },
  {
    "id": "deb927c3-76ed-4ec6-832f-df2356a0d0eb",
    "data": [
      {
        "text": "pardon",
        "userDefined": false
      }
    ],
    "isTemplate": false,
    "count": 0,
    "updated": 0
  },
  {
    "id": "cb7fca09-a45a-489e-8470-008ff16bcb7b",
    "data": [
      {
        "text": "sorry about that",
        "userDefined": false
      }
    ],
    "isTemplate": false,
    "count": 0,
    "updated": 0
  },
  {
    "id": "4789c8d2-6c89-48f4-bf6d-0afe51170c0f",
    "data": [
      {
        "text": "okay I\u0027m sorry",
        "userDefined": false
      }
    ],
    "isTemplate": false,
    "count": 0,
    "updated": 0
  },
  {
    "id": "dad503f2-a00e-4859-aafc-52ec69a2d70d",
    "data": [
      {
        "text": "forgive me",
        "userDefined": false
      }
    ],
    "isTemplate": false,
    "count": 0,
    "updated": 0
  },
  {
    "id": "f95789a1-7b0c-4285-8493-020242ff0c56",
    "data": [
      {
        "text": "my apologies",
        "userDefined": false
      }
    ],
    "isTemplate": false,
    "count": 0,
    "updated": 0
  },
  {
    "id": "93cbf279-85aa-4df7-8b17-473c43221cc7",
    "data": [
      {
        "text": "apology",
        "userDefined": false
      }
    ],
    "isTemplate": false,
    "count": 0,
    "updated": 0
  },
  {
    "id": "24367493-4ef3-485c-a8a4-e03d0b549a62",
    "data": [
      {
        "text": "very sorry",
        "userDefined": false
      }
    ],
    "isTemplate": false,
    "count": 0,
    "updated": 0
  },
  {
    "id": "40185789-c094-4f7c-a1ef-16d6cc8e9e7c",
    "data": [
      {
        "text": "alright I\u0027m sorry",
        "userDefined": false
      }
    ],
    "isTemplate": false,
    "count": 1,
    "updated": 0
  },
  {
    "id": "3db34a79-70bf-4d0a-ae41-b4042bfab544",
    "data": [
      {
        "text": "apologies",
        "userDefined": false
      }
    ],
    "isTemplate": false,
    "count": 0,
    "updated": 0
  },
  {
    "id": "6d6c8671-5b6f-4640-aa0b-14fb9a2cdf43",
    "data": [
      {
        "text": "sorry about this",
        "userDefined": false
      }
    ],
    "isTemplate": false,
    "count": 0,
    "updated": 0
  },
  {
    "id": "43d58a18-633e-4fd8-88a6-03404b8e8e7e",
    "data": [
      {
        "text": "I\u0027m sorry",
        "userDefined": false
      }
    ],
    "isTemplate": false,
    "count": 0,
    "updated": 0
  },
  {
    "id": "10b98bb0-89c9-451b-89f1-7082c261f841",
    "data": [
      {
        "text": "I said sorry",
        "userDefined": false
      }
    ],
    "isTemplate": false,
    "count": 0,
    "updated": 0
  },
  {
    "id": "7e17d43c-06bc-48fb-88d9-f9ee0bea52f3",
    "data": [
      {
        "text": "apologise",
        "userDefined": false
      }
    ],
    "isTemplate": false,
    "count": 0,
    "updated": 0
  },
  {
    "id": "a26c3fbb-0670-4689-928f-3801ae316b2a",
    "data": [
      {
        "text": "I am really sorry",
        "userDefined": false
      }
    ],
    "isTemplate": false,
    "count": 0,
    "updated": 0
  },
  {
    "id": "f88a70ab-634d-405f-b15b-79df1e92acc3",
    "data": [
      {
        "text": "ok sorry",
        "userDefined": false
      }
    ],
    "isTemplate": false,
    "count": 0,
    "updated": 0
  },
  {
    "id": "ee18b26a-ff96-4253-98b6-125f3771e2ce",
    "data": [
      {
        "text": "I want to say sorry",
        "userDefined": false
      }
    ],
    "isTemplate": false,
    "count": 0,
    "updated": 0
  },
  {
    "id": "3ff8172b-80bf-4ac0-90c5-6485e119726b",
    "data": [
      {
        "text": "apologies to me",
        "userDefined": false
      }
    ],
    "isTemplate": false,
    "count": 0,
    "updated": 0
  },
  {
    "id": "8543d163-fa1d-413e-ab1a-7782bb42d1c6",
    "data": [
      {
        "text": "really sorry",
        "userDefined": false
      }
    ],
    "isTemplate": false,
    "count": 0,
    "updated": 0
  },
  {
    "id": "20558be6-7ab9-45fc-ad5c-b45d21da72ae",
    "data": [
      {
        "text": "I am so sorry",
        "userDefined": false
      }
    ],
    "isTemplate": false,
    "count": 0,
    "updated": 0
  }
]