[
  {
    "id": "a14e7288-5a23-4b51-9532-5943782775cd",
    "data": [
      {
        "text": "wow wow wow",
        "userDefined": false
      }
    ],
    "isTemplate": false,
    "count": 0,
    "updated": 0
  },
  {
    "id": "d4282136-509c-4c93-9fdb-6dc602fbd002",
    "data": [
      {
        "text": "wooow",
        "userDefined": false
      }
    ],
    "isTemplate": false,
    "count": 0,
    "updated": 0
  },
  {
    "id": "88d2398f-d34c-4d34-b64d-0d08ad698430",
    "data": [
      {
        "text": "wow wow",
        "userDefined": false
      }
    ],
    "isTemplate": false,
    "count": 0,
    "updated": 0
  },
  {
    "id": "e7dddbf4-1449-4165-9a14-30d057f9d468",
    "data": [
      {
        "text": "woah",
        "userDefined": false
      }
    ],
    "isTemplate": false,
    "count": 0,
    "updated": 0
  },
  {
    "id": "b4f32bce-3933-485f-ab58-1a4d292c528c",
    "data": [
      {
        "text": "wow",
        "userDefined": false
      }
    ],
    "isTemplate": false,
    "count": 0,
    "updated": 0
  }
]