[
  {
    "id": "820f727d-ed97-4680-b11d-3b286abab25a",
    "data": [
      {
        "text": "I want to say sorry",
        "userDefined": false
      }
    ],
    "isTemplate": false,
    "count": 0,
    "updated": 0
  },
  {
    "id": "599fb94e-23ae-4b28-80fa-f083047ecf44",
    "data": [
      {
        "text": "very sorry",
        "userDefined": false
      }
    ],
    "isTemplate": false,
    "count": 0,
    "updated": 0
  },
  {
    "id": "5ef26bf2-d3c6-4940-85e3-4ee3ae8be59e",
    "data": [
      {
        "text": "apologies to me",
        "userDefined": false
      }
    ],
    "isTemplate": false,
    "count": 0,
    "updated": 0
  },
  {
    "id": "55cc67bc-408b-405e-a8a2-2a2687117e86",
    "data": [
      {
        "text": "forgive me",
        "userDefined": false
      }
    ],
    "isTemplate": false,
    "count": 0,
    "updated": 0
  },
  {
    "id": "486c7347-f146-4994-83ac-3d9dae91eb61",
    "data": [
      {
        "text": "I am so sorry",
        "userDefined": false
      }
    ],
    "isTemplate": false,
    "count": 0,
    "updated": 0
  },
  {
    "id": "c93bd12b-d311-4782-9080-cbf7388d1887",
    "data": [
      {
        "text": "excuse me",
        "userDefined": false
      }
    ],
    "isTemplate": false,
    "count": 1,
    "updated": 0
  },
  {
    "id": "2964f0f5-2e0c-4725-94d1-5bea0b4444c8",
    "data": [
      {
        "text": "apologise",
        "userDefined": false
      }
    ],
    "isTemplate": false,
    "count": 0,
    "updated": 0
  },
  {
    "id": "7439409d-452b-454f-a3f0-ef295f161154",
    "data": [
      {
        "text": "apology",
        "userDefined": false
      }
    ],
    "isTemplate": false,
    "count": 0,
    "updated": 0
  },
  {
    "id": "d8f443fa-6b8f-49ab-84e5-e758d4b8d9d9",
    "data": [
      {
        "text": "sorry about that",
        "userDefined": false
      }
    ],
    "isTemplate": false,
    "count": 0,
    "updated": 0
  },
  {
    "id": "cf0e7920-68e8-438c-81f3-07c7131109b4",
    "data": [
      {
        "text": "alright I\u0027m sorry",
        "userDefined": false
      }
    ],
    "isTemplate": false,
    "count": 1,
    "updated": 0
  },
  {
    "id": "e96c3e7a-96d9-483a-bdc3-a813cd56b05c",
    "data": [
      {
        "text": "pardon",
        "userDefined": false
      }
    ],
    "isTemplate": false,
    "count": 0,
    "updated": 0
  },
  {
    "id": "8c83c6c4-41d3-4833-897b-f343077644fa",
    "data": [
      {
        "text": "I beg ",
        "userDefined": false
      },
      {
        "text": "your",
        "meta": "@sys.ignore",
        "userDefined": false
      },
      {
        "text": " pardon",
        "userDefined": false
      }
    ],
    "isTemplate": false,
    "count": 0,
    "updated": 0
  },
  {
    "id": "87e4915d-3422-4e65-ad6c-3e0b9583abf2",
    "data": [
      {
        "text": "I\u0027m sorry",
        "userDefined": false
      }
    ],
    "isTemplate": false,
    "count": 0,
    "updated": 0
  },
  {
    "id": "de6d7ab4-db87-443c-8343-f3dc5e89800c",
    "data": [
      {
        "text": "I am really sorry",
        "userDefined": false
      }
    ],
    "isTemplate": false,
    "count": 0,
    "updated": 0
  },
  {
    "id": "a93340f9-a851-4187-97a1-e1ded92bf745",
    "data": [
      {
        "text": "okay I\u0027m sorry",
        "userDefined": false
      }
    ],
    "isTemplate": false,
    "count": 0,
    "updated": 0
  },
  {
    "id": "1347edba-8439-4728-a84e-c1f6066d1ca7",
    "data": [
      {
        "text": "apologies",
        "userDefined": false
      }
    ],
    "isTemplate": false,
    "count": 0,
    "updated": 0
  },
  {
    "id": "604ce972-ee7f-4f7c-87dd-a4581827b7c3",
    "data": [
      {
        "text": "I apologize",
        "userDefined": false
      }
    ],
    "isTemplate": false,
    "count": 0,
    "updated": 0
  },
  {
    "id": "dc429722-ca45-4c94-918a-01f196d4d4f2",
    "data": [
      {
        "text": "ok sorry",
        "userDefined": false
      }
    ],
    "isTemplate": false,
    "count": 0,
    "updated": 0
  },
  {
    "id": "371a4f25-1313-4398-afef-e2458c1e0c32",
    "data": [
      {
        "text": "excuse",
        "userDefined": false
      }
    ],
    "isTemplate": false,
    "count": 1,
    "updated": 0
  },
  {
    "id": "67d87ddf-d257-4eaa-a97c-7aab52f50fac",
    "data": [
      {
        "text": "my apologies",
        "userDefined": false
      }
    ],
    "isTemplate": false,
    "count": 0,
    "updated": 0
  },
  {
    "id": "e3f1d78a-a9ef-4f8f-83b2-b6aab0e647d5",
    "data": [
      {
        "text": "really sorry",
        "userDefined": false
      }
    ],
    "isTemplate": false,
    "count": 0,
    "updated": 0
  },
  {
    "id": "b24e7976-9869-48eb-8e15-bde714766dbf",
    "data": [
      {
        "text": "I said sorry",
        "userDefined": false
      }
    ],
    "isTemplate": false,
    "count": 0,
    "updated": 0
  },
  {
    "id": "3f36921c-13db-4a74-afa4-b06b45e1cc0a",
    "data": [
      {
        "text": "sorry about this",
        "userDefined": false
      }
    ],
    "isTemplate": false,
    "count": 0,
    "updated": 0
  },
  {
    "id": "20624f51-ccfc-452a-a5d7-f903a0799bca",
    "data": [
      {
        "text": "sorry",
        "userDefined": false
      }
    ],
    "isTemplate": false,
    "count": 0,
    "updated": 0
  }
]