[
  {
    "id": "638ba857-af5d-4128-8898-ce97cc693ed8",
    "data": [
      {
        "text": "I\u0027m excited to start our friendship",
        "userDefined": false
      }
    ],
    "isTemplate": false,
    "count": 0,
    "updated": 1529428334
  },
  {
    "id": "822455df-45fc-488e-8d82-0de59fa7ed61",
    "data": [
      {
        "text": "how excited I am",
        "userDefined": false
      }
    ],
    "isTemplate": false,
    "count": 0,
    "updated": 1529428334
  },
  {
    "id": "288f2c29-abfd-49ef-b520-bf007fc73018",
    "data": [
      {
        "text": "I\u0027m excited about working with you",
        "userDefined": false
      }
    ],
    "isTemplate": false,
    "count": 0,
    "updated": 1529428334
  },
  {
    "id": "4cedd61c-6995-4b6d-ae90-efde3a52bfa9",
    "data": [
      {
        "text": "I\u0027m really excited",
        "userDefined": false
      }
    ],
    "isTemplate": false,
    "count": 0,
    "updated": 1529428334
  },
  {
    "id": "715f3252-2bd7-4784-9de5-09e5c632de57",
    "data": [
      {
        "text": "I am excited",
        "userDefined": false
      }
    ],
    "isTemplate": false,
    "count": 0,
    "updated": 1529428334
  },
  {
    "id": "fcee5586-b480-4f35-9792-fb4192171c8d",
    "data": [
      {
        "text": "I\u0027m thrilled",
        "userDefined": false
      }
    ],
    "isTemplate": false,
    "count": 0,
    "updated": 1529428334
  }
]