[
  {
    "id": "97041060-be90-4a4b-9c0e-140def87cf32",
    "data": [
      {
        "text": "I seek your advice",
        "userDefined": false
      }
    ],
    "isTemplate": false,
    "count": 0,
    "updated": 0
  },
  {
    "id": "332f44f4-c2a1-4a68-894a-c69c44ad3725",
    "data": [
      {
        "text": "give me some advice about",
        "userDefined": false
      }
    ],
    "isTemplate": false,
    "count": 0,
    "updated": 0
  },
  {
    "id": "1850fb53-8c8a-49bc-b236-9cab1c54b87c",
    "data": [
      {
        "text": "I need advice",
        "userDefined": false
      }
    ],
    "isTemplate": false,
    "count": 0,
    "updated": 0
  },
  {
    "id": "227fcc09-85ef-4c2e-bb8c-68fcdde21768",
    "data": [
      {
        "text": "give me some good advice",
        "userDefined": false
      }
    ],
    "isTemplate": false,
    "count": 1,
    "updated": 0
  },
  {
    "id": "84ba8a8c-5ab5-4a41-a11e-df1519a2efc6",
    "data": [
      {
        "text": "help me with advice",
        "userDefined": false
      }
    ],
    "isTemplate": false,
    "count": 0,
    "updated": 0
  },
  {
    "id": "85332ac8-cb00-4da5-af93-24f2b8357732",
    "data": [
      {
        "text": "I could use some advice",
        "userDefined": false
      }
    ],
    "isTemplate": false,
    "count": 0,
    "updated": 0
  },
  {
    "id": "4ec924fb-efb1-4e79-bd74-f87fb3895809",
    "data": [
      {
        "text": "guide ",
        "userDefined": false
      },
      {
        "text": "me",
        "meta": "@sys.ignore",
        "userDefined": false
      }
    ],
    "isTemplate": false,
    "count": 0,
    "updated": 0
  },
  {
    "id": "0a504b71-c7b5-4adb-a91b-09b204927ac3",
    "data": [
      {
        "text": "what do you recommend",
        "userDefined": false
      }
    ],
    "isTemplate": false,
    "count": 0,
    "updated": 0
  },
  {
    "id": "58a84148-cba7-4708-9c70-4b303d90758b",
    "data": [
      {
        "text": "any suggestions",
        "userDefined": false
      }
    ],
    "isTemplate": false,
    "count": 0,
    "updated": 0
  },
  {
    "id": "16726812-a431-4cae-83da-5776f3c068ee",
    "data": [
      {
        "text": "what should I do about it",
        "userDefined": false
      }
    ],
    "isTemplate": false,
    "count": 1,
    "updated": 0
  },
  {
    "id": "047f9911-87b2-445b-a0f2-c5ae74d88e77",
    "data": [
      {
        "text": "give me a wise advice",
        "userDefined": false
      }
    ],
    "isTemplate": false,
    "count": 0,
    "updated": 0
  },
  {
    "id": "1e23979e-140a-4898-9c15-28d1c95dde3e",
    "data": [
      {
        "text": "I need an advice from you",
        "userDefined": false
      }
    ],
    "isTemplate": false,
    "count": 0,
    "updated": 0
  },
  {
    "id": "2c7d0f94-1556-4a7a-8a64-f37e9d35f043",
    "data": [
      {
        "text": "what is your advice",
        "userDefined": false
      }
    ],
    "isTemplate": false,
    "count": 1,
    "updated": 0
  },
  {
    "id": "2140f060-88fa-427e-8807-b30b2bae852f",
    "data": [
      {
        "text": "can I ask for your advice",
        "userDefined": false
      }
    ],
    "isTemplate": false,
    "count": 0,
    "updated": 0
  },
  {
    "id": "e64819e6-fe94-45e2-8dd9-4f3c16ef30ed",
    "data": [
      {
        "text": "what do you suggest",
        "userDefined": false
      }
    ],
    "isTemplate": false,
    "count": 1,
    "updated": 0
  },
  {
    "id": "73861f91-368e-4587-b01e-b49d7184beb7",
    "data": [
      {
        "text": "can you advise me",
        "userDefined": false
      }
    ],
    "isTemplate": false,
    "count": 0,
    "updated": 0
  },
  {
    "id": "627d0be2-9225-4967-830e-9e051ece1d41",
    "data": [
      {
        "text": "what can you recommend",
        "userDefined": false
      }
    ],
    "isTemplate": false,
    "count": 1,
    "updated": 0
  },
  {
    "id": "3ac90521-585f-4a59-bb82-481761702d71",
    "data": [
      {
        "text": "what should I do",
        "userDefined": false
      }
    ],
    "isTemplate": false,
    "count": 1,
    "updated": 0
  },
  {
    "id": "d05b593c-5a5a-4db1-a7c3-48de1bee6d2c",
    "data": [
      {
        "text": "do you have any advice for me",
        "userDefined": false
      }
    ],
    "isTemplate": false,
    "count": 0,
    "updated": 0
  },
  {
    "id": "e535e473-4a1c-4d6d-a44d-e1b2a1399366",
    "data": [
      {
        "text": "can you offer any advice",
        "userDefined": false
      }
    ],
    "isTemplate": false,
    "count": 0,
    "updated": 0
  },
  {
    "id": "f855fed9-144a-42dc-a37e-25f3d4e15913",
    "data": [
      {
        "text": "can you give me advice",
        "userDefined": false
      }
    ],
    "isTemplate": false,
    "count": 0,
    "updated": 0
  },
  {
    "id": "d22a0393-0f6d-49dc-87ce-c9f4aedb0a5c",
    "data": [
      {
        "text": "advise me",
        "userDefined": false
      }
    ],
    "isTemplate": false,
    "count": 0,
    "updated": 0
  },
  {
    "id": "e4fe77b8-61cf-4718-a908-c8b5f506d6b1",
    "data": [
      {
        "text": "any",
        "meta": "@sys.ignore",
        "userDefined": false
      },
      {
        "text": " advice",
        "userDefined": false
      }
    ],
    "isTemplate": false,
    "count": 0,
    "updated": 0
  }
]