[
  {
    "id": "2fb16212-cde4-4b74-80bc-17bff133d8d3",
    "data": [
      {
        "text": "what do I look like",
        "userDefined": false
      }
    ],
    "isTemplate": false,
    "count": 0,
    "updated": 0
  },
  {
    "id": "09773258-88d5-4792-92b5-c4b849219e45",
    "data": [
      {
        "text": "how do I look",
        "userDefined": false
      }
    ],
    "isTemplate": false,
    "count": 0,
    "updated": 0
  },
  {
    "id": "b35fb20b-139e-4ce3-a65d-c2ef93376104",
    "data": [
      {
        "text": "do I look good",
        "userDefined": false
      }
    ],
    "isTemplate": false,
    "count": 0,
    "updated": 0
  },
  {
    "id": "4e0ae21b-5db5-4a1a-97f0-107a8f5541ac",
    "data": [
      {
        "text": "can you see what I look like",
        "userDefined": false
      }
    ],
    "isTemplate": false,
    "count": 0,
    "updated": 0
  },
  {
    "id": "52843240-1d19-491c-949a-2cfcd4c7cb4a",
    "data": [
      {
        "text": "what do you think I look like",
        "userDefined": false
      }
    ],
    "isTemplate": false,
    "count": 0,
    "updated": 0
  },
  {
    "id": "0da2bb02-44bd-41ca-b733-2b452cd66c2d",
    "data": [
      {
        "text": "do you know what I look like",
        "userDefined": false
      }
    ],
    "isTemplate": false,
    "count": 0,
    "updated": 0
  }
]