[
  {
    "id": "c4f9c64a-0ba2-4345-a766-033a908afae3",
    "data": [
      {
        "text": "it",
        "meta": "@sys.ignore",
        "userDefined": true
      },
      {
        "text": "\u0027s good",
        "userDefined": false
      }
    ],
    "isTemplate": false,
    "count": 3,
    "updated": 1529427967
  },
  {
    "id": "d3ed4cca-060f-4075-97c9-b6887414bd10",
    "data": [
      {
        "text": "I\u0027m",
        "meta": "@sys.ignore",
        "userDefined": true
      },
      {
        "text": " glad to hear that",
        "userDefined": false
      }
    ],
    "isTemplate": false,
    "count": 1,
    "updated": 1529427967
  },
  {
    "id": "b60dc25d-b0b7-496c-8677-908a910936e6",
    "data": [
      {
        "text": "not too ",
        "userDefined": false
      },
      {
        "text": "bad",
        "meta": "@sys.ignore",
        "userDefined": true
      }
    ],
    "isTemplate": false,
    "count": 2,
    "updated": 1529427967
  },
  {
    "id": "b1808b7e-cbe4-4b4c-8c5a-d2a4c2494498",
    "data": [
      {
        "text": "great",
        "meta": "@sys.ignore",
        "userDefined": true
      }
    ],
    "isTemplate": false,
    "count": 2,
    "updated": 1529427967
  },
  {
    "id": "2bcfd2df-be80-4234-b7f2-898ffbd387f3",
    "data": [
      {
        "text": "really ",
        "userDefined": false
      },
      {
        "text": "well",
        "meta": "@sys.ignore",
        "userDefined": true
      }
    ],
    "isTemplate": false,
    "count": 1,
    "updated": 1529427967
  },
  {
    "id": "bc069821-4469-43dd-b92d-c67da6aeafff",
    "data": [
      {
        "text": "this is ",
        "userDefined": false
      },
      {
        "text": "great",
        "meta": "@sys.ignore",
        "userDefined": true
      }
    ],
    "isTemplate": false,
    "count": 1,
    "updated": 1529427967
  },
  {
    "id": "ea4e9087-67cd-4886-98be-947519212b33",
    "data": [
      {
        "text": "that\u0027s cute",
        "userDefined": false
      }
    ],
    "isTemplate": false,
    "count": 1,
    "updated": 1529427967
  },
  {
    "id": "5710ce4b-207f-43ec-ae23-621b87a22e6e",
    "data": [
      {
        "text": "cool",
        "meta": "@sys.ignore",
        "userDefined": false
      }
    ],
    "isTemplate": false,
    "count": 1,
    "updated": 1529427967
  },
  {
    "id": "cfce53f5-832f-4999-823e-cba7ee9dda79",
    "data": [
      {
        "text": "that\u0027s wonderful",
        "userDefined": false
      }
    ],
    "isTemplate": false,
    "count": 1,
    "updated": 1529427967
  },
  {
    "id": "96f8c5dd-4365-41ad-95c4-34263fd8221d",
    "data": [
      {
        "text": "that\u0027s perfect",
        "userDefined": false
      }
    ],
    "isTemplate": false,
    "count": 1,
    "updated": 1529427967
  },
  {
    "id": "e2fdc84e-1193-4b29-885c-9c26bfb8c9ea",
    "data": [
      {
        "text": "sweet",
        "userDefined": false
      }
    ],
    "isTemplate": false,
    "count": 2,
    "updated": 1529427967
  },
  {
    "id": "80b4d821-8c2f-44fb-ac1f-b4814ffdac0e",
    "data": [
      {
        "text": "it",
        "meta": "@sys.ignore",
        "userDefined": true
      },
      {
        "text": " was ",
        "userDefined": false
      },
      {
        "text": "good",
        "meta": "@sys.ignore",
        "userDefined": true
      }
    ],
    "isTemplate": false,
    "count": 1,
    "updated": 1529427967
  },
  {
    "id": "c84dbb2a-80e1-457b-b613-5152a308a889",
    "data": [
      {
        "text": "fine",
        "meta": "@sys.ignore",
        "userDefined": true
      }
    ],
    "isTemplate": false,
    "count": 1,
    "updated": 1529427967
  },
  {
    "id": "1278b44f-0ddd-447a-ad11-0464984d56c6",
    "data": [
      {
        "text": "that\u0027s a ",
        "userDefined": false
      },
      {
        "text": "good",
        "meta": "@sys.ignore",
        "userDefined": true
      },
      {
        "text": " thing",
        "userDefined": false
      }
    ],
    "isTemplate": false,
    "count": 1,
    "updated": 1529427967
  },
  {
    "id": "b01e8e18-2b0e-4edf-8c7a-a728292a2d09",
    "data": [
      {
        "text": "that\u0027s ",
        "userDefined": false
      },
      {
        "text": "nice",
        "meta": "@sys.ignore",
        "userDefined": true
      },
      {
        "text": " ",
        "userDefined": false
      },
      {
        "text": "of",
        "meta": "@sys.ignore",
        "userDefined": true
      },
      {
        "text": " you",
        "userDefined": false
      }
    ],
    "isTemplate": false,
    "count": 1,
    "updated": 1529427967
  },
  {
    "id": "81775a08-080f-4a53-9d6f-f875f19fffc0",
    "data": [
      {
        "text": "good",
        "meta": "@sys.ignore",
        "userDefined": true
      }
    ],
    "isTemplate": false,
    "count": 2,
    "updated": 1529427967
  },
  {
    "id": "c859efd0-df07-4909-8231-28db65d55275",
    "data": [
      {
        "text": "good",
        "meta": "@sys.ignore",
        "userDefined": true
      },
      {
        "text": " to know",
        "userDefined": false
      }
    ],
    "isTemplate": false,
    "count": 1,
    "updated": 1529427967
  },
  {
    "id": "3d2dea0d-9756-4ff9-84b3-3c1f7dd70afe",
    "data": [
      {
        "text": "that\u0027s awesome",
        "userDefined": false
      }
    ],
    "isTemplate": false,
    "count": 1,
    "updated": 1529427967
  },
  {
    "id": "789fb331-42b3-4376-97bb-5463ac8dea0a",
    "data": [
      {
        "text": "that was pretty ",
        "userDefined": false
      },
      {
        "text": "good",
        "meta": "@sys.ignore",
        "userDefined": true
      }
    ],
    "isTemplate": false,
    "count": 1,
    "updated": 1529427967
  },
  {
    "id": "71bead48-2650-4dba-9aa8-24685d950e3e",
    "data": [
      {
        "text": "that\u0027s ",
        "userDefined": false
      },
      {
        "text": "fine",
        "meta": "@sys.ignore",
        "userDefined": true
      }
    ],
    "isTemplate": false,
    "count": 1,
    "updated": 1529427967
  },
  {
    "id": "aea9df9b-3a7a-4b47-aa5f-853c175399b3",
    "data": [
      {
        "text": "straight",
        "userDefined": false
      }
    ],
    "isTemplate": false,
    "count": 1,
    "updated": 1529427967
  },
  {
    "id": "0255f5e1-0dd5-48ec-9725-d945f4955c9a",
    "data": [
      {
        "text": "that\u0027s amazing",
        "userDefined": false
      }
    ],
    "isTemplate": false,
    "count": 1,
    "updated": 1529427967
  },
  {
    "id": "492f065d-65c9-4ad2-9bfd-eb5d8fce784f",
    "data": [
      {
        "text": "that\u0027s much better",
        "userDefined": false
      }
    ],
    "isTemplate": false,
    "count": 1,
    "updated": 1529427967
  },
  {
    "id": "811f0f34-9e29-4f45-9ffe-743ab754d697",
    "data": [
      {
        "text": "wonderful",
        "userDefined": false
      }
    ],
    "isTemplate": false,
    "count": 1,
    "updated": 1529427967
  },
  {
    "id": "27d9bc31-8faf-47d6-afba-7f2a453aa042",
    "data": [
      {
        "text": "that\u0027s pretty ",
        "userDefined": false
      },
      {
        "text": "good",
        "meta": "@sys.ignore",
        "userDefined": true
      }
    ],
    "isTemplate": false,
    "count": 1,
    "updated": 1529427967
  },
  {
    "id": "2619d9ad-dc48-44d7-a8f9-651a893b1f86",
    "data": [
      {
        "text": "fantastic",
        "userDefined": false
      }
    ],
    "isTemplate": false,
    "count": 1,
    "updated": 1529427967
  },
  {
    "id": "39df6f4a-efc9-4975-b215-7274fe894306",
    "data": [
      {
        "text": "that\u0027s awesome ",
        "userDefined": false
      },
      {
        "text": "thank you",
        "meta": "@sys.ignore",
        "userDefined": true
      }
    ],
    "isTemplate": false,
    "count": 1,
    "updated": 1529427967
  },
  {
    "id": "c408cb8f-323a-441c-88e5-049890896a6e",
    "data": [
      {
        "text": "that\u0027s great",
        "userDefined": false
      }
    ],
    "isTemplate": false,
    "count": 1,
    "updated": 1529427967
  },
  {
    "id": "b89b4ca1-fe9b-4099-8706-e20f361fa7b8",
    "data": [
      {
        "text": "okay good",
        "userDefined": false
      }
    ],
    "isTemplate": false,
    "count": 1,
    "updated": 1529427967
  },
  {
    "id": "3aeac4d3-2303-4e79-b48b-c1448022b802",
    "data": [
      {
        "text": "that is wonderful",
        "userDefined": false
      }
    ],
    "isTemplate": false,
    "count": 1,
    "updated": 1529427967
  },
  {
    "id": "ac52cc71-10e6-4b45-96bd-bea48dc2a78a",
    "data": [
      {
        "text": "terrific",
        "userDefined": false
      }
    ],
    "isTemplate": false,
    "count": 2,
    "updated": 1529427967
  },
  {
    "id": "b129d73a-ff23-433f-bfdd-2046a4ed77b1",
    "data": [
      {
        "text": "very ",
        "userDefined": false
      },
      {
        "text": "well",
        "meta": "@sys.ignore",
        "userDefined": true
      }
    ],
    "isTemplate": false,
    "count": 1,
    "updated": 1529427967
  },
  {
    "id": "aad76d23-1c0e-41d5-a0f8-2ea72b674ffc",
    "data": [
      {
        "text": "ok ",
        "userDefined": false
      },
      {
        "text": "good",
        "meta": "@sys.ignore",
        "userDefined": true
      }
    ],
    "isTemplate": false,
    "count": 1,
    "updated": 1529427967
  },
  {
    "id": "6311d530-2c6a-4323-82d7-7190bd06eb2e",
    "data": [
      {
        "text": "it\u0027s very good",
        "userDefined": false
      }
    ],
    "isTemplate": false,
    "count": 1,
    "updated": 1529427967
  },
  {
    "id": "0f93f525-dbd8-4781-a165-597f2b34a54f",
    "data": [
      {
        "text": "that\u0027s very ",
        "userDefined": false
      },
      {
        "text": "good",
        "meta": "@sys.ignore",
        "userDefined": true
      }
    ],
    "isTemplate": false,
    "count": 3,
    "updated": 1529427967
  },
  {
    "id": "0d010bb5-f6d4-43c2-9dcf-0d3ea766fe0e",
    "data": [
      {
        "text": "that was awesome",
        "userDefined": false
      }
    ],
    "isTemplate": false,
    "count": 1,
    "updated": 1529427967
  },
  {
    "id": "fef29651-70e0-4215-aaf5-01cb11695776",
    "data": [
      {
        "text": "so sweet ",
        "userDefined": false
      },
      {
        "text": "of",
        "meta": "@sys.ignore",
        "userDefined": true
      },
      {
        "text": " you",
        "userDefined": false
      }
    ],
    "isTemplate": false,
    "count": 1,
    "updated": 1529427967
  },
  {
    "id": "8e630768-c2ae-4ba4-9e93-aaa8cfa2aaeb",
    "data": [
      {
        "text": "marvelous",
        "userDefined": false
      }
    ],
    "isTemplate": false,
    "count": 1,
    "updated": 1529427967
  },
  {
    "id": "5007fb14-fea0-4f8f-aa10-18f6d97dc810",
    "data": [
      {
        "text": "very ",
        "userDefined": false
      },
      {
        "text": "nice",
        "meta": "@sys.ignore",
        "userDefined": true
      }
    ],
    "isTemplate": false,
    "count": 1,
    "updated": 1529427967
  },
  {
    "id": "affaefec-c58b-4a4e-8a2a-2fcb333a8d08",
    "data": [
      {
        "text": "oh ",
        "userDefined": false
      },
      {
        "text": "well",
        "meta": "@sys.ignore",
        "userDefined": true
      }
    ],
    "isTemplate": false,
    "count": 1,
    "updated": 1529427967
  },
  {
    "id": "376b376c-67c5-45f8-ab77-a557dd2829a6",
    "data": [
      {
        "text": "that\u0027s sweet ",
        "userDefined": false
      },
      {
        "text": "of",
        "meta": "@sys.ignore",
        "userDefined": true
      },
      {
        "text": " you",
        "userDefined": false
      }
    ],
    "isTemplate": false,
    "count": 1,
    "updated": 1529427967
  },
  {
    "id": "f8efc78d-206b-4e32-9124-4b474cf26478",
    "data": [
      {
        "text": "that\u0027s ",
        "userDefined": false
      },
      {
        "text": "great",
        "meta": "@sys.ignore",
        "userDefined": true
      }
    ],
    "isTemplate": false,
    "count": 4,
    "updated": 1529427967
  },
  {
    "id": "7f88bf3c-16e8-49ac-a8a0-a1fcaf55e41e",
    "data": [
      {
        "text": "excellent",
        "userDefined": false
      }
    ],
    "isTemplate": false,
    "count": 1,
    "updated": 1529427967
  },
  {
    "id": "3c98333d-da3f-410d-85fd-e998a0b3c810",
    "data": [
      {
        "text": "really ",
        "userDefined": false
      },
      {
        "text": "nice",
        "meta": "@sys.ignore",
        "userDefined": true
      }
    ],
    "isTemplate": false,
    "count": 1,
    "updated": 1529427967
  },
  {
    "id": "75c8db1b-b3ba-4d4d-ab09-0325f910fea3",
    "data": [
      {
        "text": "very then",
        "userDefined": false
      }
    ],
    "isTemplate": false,
    "count": 1,
    "updated": 1529427967
  },
  {
    "id": "f185c4e5-ffa0-4c13-b8e3-b81e31500834",
    "data": [
      {
        "text": "that\u0027s ",
        "userDefined": false
      },
      {
        "text": "nice",
        "meta": "@sys.ignore",
        "userDefined": true
      }
    ],
    "isTemplate": false,
    "count": 2,
    "updated": 1529427967
  },
  {
    "id": "3a1c7e7d-f066-4bb0-99ff-fa7b9bd08a20",
    "data": [
      {
        "text": "it\u0027s fine",
        "userDefined": false
      }
    ],
    "isTemplate": false,
    "count": 1,
    "updated": 1529427967
  },
  {
    "id": "32072536-0a98-4064-8d6c-6553c6abebf8",
    "data": [
      {
        "text": "nice",
        "meta": "@sys.ignore",
        "userDefined": true
      }
    ],
    "isTemplate": false,
    "count": 1,
    "updated": 1529427967
  },
  {
    "id": "c4ed5ab8-28b7-42b8-ad84-088837ebd3c0",
    "data": [
      {
        "text": "really ",
        "userDefined": false
      },
      {
        "text": "good",
        "meta": "@sys.ignore",
        "userDefined": true
      }
    ],
    "isTemplate": false,
    "count": 2,
    "updated": 1529427967
  },
  {
    "id": "208949d7-d544-48e9-b508-692066c33a5f",
    "data": [
      {
        "text": "it\u0027s",
        "meta": "@sys.ignore",
        "userDefined": true
      },
      {
        "text": " ",
        "userDefined": false
      },
      {
        "text": "great",
        "meta": "@sys.ignore",
        "userDefined": true
      }
    ],
    "isTemplate": false,
    "count": 1,
    "updated": 1529427967
  },
  {
    "id": "e9d787ea-770d-4e05-b781-5ce60b30960f",
    "data": [
      {
        "text": "that\u0027s better",
        "userDefined": false
      }
    ],
    "isTemplate": false,
    "count": 1,
    "updated": 1529427967
  },
  {
    "id": "dd64b0a8-d364-4537-a0aa-6fe695a70bf3",
    "data": [
      {
        "text": "so ",
        "userDefined": false
      },
      {
        "text": "cool",
        "meta": "@sys.ignore",
        "userDefined": false
      }
    ],
    "isTemplate": false,
    "count": 1,
    "updated": 1529427967
  },
  {
    "id": "59ed4ab1-2d7c-4dc5-ae0d-ba510e654b7b",
    "data": [
      {
        "text": "that was amazing",
        "userDefined": false
      }
    ],
    "isTemplate": false,
    "count": 1,
    "updated": 1529427967
  },
  {
    "id": "5589e7ca-95ed-4d4d-b662-bc42feb44ec0",
    "data": [
      {
        "text": "very nice",
        "userDefined": false
      }
    ],
    "isTemplate": false,
    "count": 1,
    "updated": 1529427967
  },
  {
    "id": "c7715507-e763-4afe-b492-3be43d13b725",
    "data": [
      {
        "text": "it",
        "meta": "@sys.ignore",
        "userDefined": true
      },
      {
        "text": " is ",
        "userDefined": false
      },
      {
        "text": "fine",
        "meta": "@sys.ignore",
        "userDefined": true
      }
    ],
    "isTemplate": false,
    "count": 1,
    "updated": 1529427967
  },
  {
    "id": "c2e4f211-4fe5-4c7d-880d-91031e4d2e12",
    "data": [
      {
        "text": "this is ",
        "userDefined": false
      },
      {
        "text": "good",
        "meta": "@sys.ignore",
        "userDefined": true
      }
    ],
    "isTemplate": false,
    "count": 1,
    "updated": 1529427967
  },
  {
    "id": "919efa08-358a-453d-b174-97e96c8f94cf",
    "data": [
      {
        "text": "that is ",
        "userDefined": false
      },
      {
        "text": "good",
        "meta": "@sys.ignore",
        "userDefined": true
      }
    ],
    "isTemplate": false,
    "count": 1,
    "updated": 1529427967
  },
  {
    "id": "55fa6f30-7a0b-4b10-ac6d-1a07a436a717",
    "data": [
      {
        "text": "that\u0027s not ",
        "userDefined": false
      },
      {
        "text": "bad",
        "meta": "@sys.ignore",
        "userDefined": true
      }
    ],
    "isTemplate": false,
    "count": 1,
    "updated": 1529427967
  },
  {
    "id": "b3b6dd80-5a92-49e0-8986-c14d45dd7388",
    "data": [
      {
        "text": "glad to hear that",
        "userDefined": false
      }
    ],
    "isTemplate": false,
    "count": 1,
    "updated": 1529427967
  },
  {
    "id": "e5e62b6c-4498-424d-b775-4a3d371de3d0",
    "data": [
      {
        "text": "it",
        "meta": "@sys.ignore",
        "userDefined": true
      },
      {
        "text": " is ",
        "userDefined": false
      },
      {
        "text": "good",
        "meta": "@sys.ignore",
        "userDefined": true
      }
    ],
    "isTemplate": false,
    "count": 1,
    "updated": 1529427967
  },
  {
    "id": "020270cd-3693-4890-8d88-aa7ca7a0d23c",
    "data": [
      {
        "text": "much better",
        "userDefined": false
      }
    ],
    "isTemplate": false,
    "count": 1,
    "updated": 1529427967
  },
  {
    "id": "37ae7c7d-2883-4d8d-a736-8a0cbc215eab",
    "data": [
      {
        "text": "splendid",
        "userDefined": false
      }
    ],
    "isTemplate": false,
    "count": 1,
    "updated": 1529427967
  },
  {
    "id": "90b0ddaa-cab7-4a7c-9d11-8d3898eedeb7",
    "data": [
      {
        "text": "that\u0027s very ",
        "userDefined": false
      },
      {
        "text": "nice",
        "meta": "@sys.ignore",
        "userDefined": true
      },
      {
        "text": " ",
        "userDefined": false
      },
      {
        "text": "of",
        "meta": "@sys.ignore",
        "userDefined": true
      },
      {
        "text": " you",
        "userDefined": false
      }
    ],
    "isTemplate": false,
    "count": 1,
    "updated": 1529427967
  },
  {
    "id": "92190bc4-3772-4fd1-b102-9450292a9482",
    "data": [
      {
        "text": "that is ",
        "userDefined": false
      },
      {
        "text": "nice",
        "meta": "@sys.ignore",
        "userDefined": true
      }
    ],
    "isTemplate": false,
    "count": 1,
    "updated": 1529427967
  },
  {
    "id": "76d15f93-8012-4c61-9687-207d7778e9d5",
    "data": [
      {
        "text": "this is awesome",
        "userDefined": false
      }
    ],
    "isTemplate": false,
    "count": 1,
    "updated": 1529427967
  },
  {
    "id": "c771c767-6a7a-4098-a203-c5dfea489dd5",
    "data": [
      {
        "text": "good",
        "meta": "@sys.ignore",
        "userDefined": true
      },
      {
        "text": " very ",
        "userDefined": false
      },
      {
        "text": "good",
        "meta": "@sys.ignore",
        "userDefined": true
      }
    ],
    "isTemplate": false,
    "count": 1,
    "updated": 1529427967
  },
  {
    "id": "c851acc5-baef-4c00-a5a8-c823ced91de0",
    "data": [
      {
        "text": "that\u0027s really ",
        "userDefined": false
      },
      {
        "text": "nice",
        "meta": "@sys.ignore",
        "userDefined": true
      }
    ],
    "isTemplate": false,
    "count": 1,
    "updated": 1529427967
  },
  {
    "id": "91eb56d7-d869-42a3-a023-6321162b74ee",
    "data": [
      {
        "text": "that\u0027s very ",
        "userDefined": false
      },
      {
        "text": "nice",
        "meta": "@sys.ignore",
        "userDefined": true
      }
    ],
    "isTemplate": false,
    "count": 2,
    "updated": 1529427967
  },
  {
    "id": "7fe3ed5d-8746-4459-b68b-7a6d01f1ea04",
    "data": [
      {
        "text": "pretty ",
        "userDefined": false
      },
      {
        "text": "good",
        "meta": "@sys.ignore",
        "userDefined": true
      }
    ],
    "isTemplate": false,
    "count": 1,
    "updated": 1529427967
  },
  {
    "id": "c9b0fc49-747b-46b1-a9ae-d39d32670236",
    "data": [
      {
        "text": "that\u0027s fantastic",
        "userDefined": false
      }
    ],
    "isTemplate": false,
    "count": 1,
    "updated": 1529427967
  },
  {
    "id": "ed7b3944-5def-4e78-94e2-299e081be73e",
    "data": [
      {
        "text": "glad to hear ",
        "userDefined": false
      },
      {
        "text": "it",
        "meta": "@sys.ignore",
        "userDefined": true
      }
    ],
    "isTemplate": false,
    "count": 1,
    "updated": 1529427967
  },
  {
    "id": "5eadfa44-443f-4115-b379-af088be13881",
    "data": [
      {
        "text": "good",
        "meta": "@sys.ignore",
        "userDefined": true
      },
      {
        "text": " for you",
        "userDefined": false
      }
    ],
    "isTemplate": false,
    "count": 1,
    "updated": 1529427967
  },
  {
    "id": "64c7e9ae-f885-447e-910b-a1a771b7776a",
    "data": [
      {
        "text": "that is awesome",
        "userDefined": false
      }
    ],
    "isTemplate": false,
    "count": 2,
    "updated": 1529427967
  },
  {
    "id": "223de543-a23c-47f0-b7b3-e195f4acd314",
    "data": [
      {
        "text": "it",
        "meta": "@sys.ignore",
        "userDefined": true
      },
      {
        "text": "\u0027s great",
        "userDefined": false
      }
    ],
    "isTemplate": false,
    "count": 4,
    "updated": 1529427967
  },
  {
    "id": "5353f4af-453b-4dfa-acd9-853495f51188",
    "data": [
      {
        "text": "pleasant",
        "userDefined": false
      }
    ],
    "isTemplate": false,
    "count": 1,
    "updated": 1529427967
  },
  {
    "id": "ef5c64de-e369-4b1b-980f-68b028a944b6",
    "data": [
      {
        "text": "so ",
        "userDefined": false
      },
      {
        "text": "good",
        "meta": "@sys.ignore",
        "userDefined": true
      }
    ],
    "isTemplate": false,
    "count": 1,
    "updated": 1529427967
  },
  {
    "id": "64518ada-2d47-4a75-831a-8795415b094c",
    "data": [
      {
        "text": "that was good",
        "userDefined": false
      }
    ],
    "isTemplate": false,
    "count": 1,
    "updated": 1529427967
  },
  {
    "id": "239150d1-dc7c-4b2a-baac-ecdccc8fcb49",
    "data": [
      {
        "text": "super fantastic",
        "userDefined": false
      }
    ],
    "isTemplate": false,
    "count": 1,
    "updated": 1529427967
  },
  {
    "id": "84fbd1ea-9c51-4777-95d0-9ab84f3ecc82",
    "data": [
      {
        "text": "no ",
        "userDefined": false
      },
      {
        "text": "it",
        "meta": "@sys.ignore",
        "userDefined": true
      },
      {
        "text": "\u0027s ",
        "userDefined": false
      },
      {
        "text": "okay",
        "meta": "@sys.ignore",
        "userDefined": true
      }
    ],
    "isTemplate": false,
    "count": 1,
    "updated": 1529427967
  },
  {
    "id": "fa59f141-1211-4ea1-bd38-48d8a9841879",
    "data": [
      {
        "text": "it\u0027s amazing",
        "userDefined": false
      }
    ],
    "isTemplate": false,
    "count": 1,
    "updated": 1529427967
  },
  {
    "id": "8761b7a4-302f-4c86-a4cc-0a9f2c6af4aa",
    "data": [
      {
        "text": "that\u0027s a ",
        "userDefined": false
      },
      {
        "text": "good",
        "meta": "@sys.ignore",
        "userDefined": true
      },
      {
        "text": " idea",
        "userDefined": false
      }
    ],
    "isTemplate": false,
    "count": 1,
    "updated": 1529427967
  },
  {
    "id": "8945133c-8cb5-402a-bf76-c6b4f1c97455",
    "data": [
      {
        "text": "it\u0027s",
        "meta": "@sys.ignore",
        "userDefined": true
      },
      {
        "text": " perfect",
        "userDefined": false
      }
    ],
    "isTemplate": false,
    "count": 2,
    "updated": 1529427967
  },
  {
    "id": "08acb9b9-1ce7-47a3-8df4-83abc343ddab",
    "data": [
      {
        "text": "not ",
        "userDefined": false
      },
      {
        "text": "bad",
        "meta": "@sys.ignore",
        "userDefined": true
      }
    ],
    "isTemplate": false,
    "count": 1,
    "updated": 1529427967
  },
  {
    "id": "17917e6a-c8e3-444d-8859-d90230657493",
    "data": [
      {
        "text": "very ",
        "userDefined": false
      },
      {
        "text": "good",
        "meta": "@sys.ignore",
        "userDefined": true
      }
    ],
    "isTemplate": false,
    "count": 1,
    "updated": 1529427967
  },
  {
    "id": "fde49515-f129-44a9-811d-eab6f4b7b96a",
    "data": [
      {
        "text": "amazing",
        "userDefined": false
      }
    ],
    "isTemplate": false,
    "count": 1,
    "updated": 1529427967
  },
  {
    "id": "97a8c40c-546f-4753-88f9-1b2c95248e1f",
    "data": [
      {
        "text": "it\u0027s awesome",
        "userDefined": false
      }
    ],
    "isTemplate": false,
    "count": 1,
    "updated": 1529427967
  },
  {
    "id": "49941d89-1630-4d50-bb32-a0e923a71d58",
    "data": [
      {
        "text": "it\u0027s",
        "meta": "@sys.ignore",
        "userDefined": true
      },
      {
        "text": " very good",
        "userDefined": false
      }
    ],
    "isTemplate": false,
    "count": 1,
    "updated": 1529427967
  },
  {
    "id": "0b150aa0-0412-47e5-81b2-9501ffe90fd0",
    "data": [
      {
        "text": "super",
        "userDefined": false
      }
    ],
    "isTemplate": false,
    "count": 1,
    "updated": 1529427967
  },
  {
    "id": "32dc3ede-c48a-434c-8f3a-759601c6936b",
    "data": [
      {
        "text": "that was cute",
        "userDefined": false
      }
    ],
    "isTemplate": false,
    "count": 1,
    "updated": 1529427967
  },
  {
    "id": "c77b1718-e1eb-47ae-b904-c13c49ea568d",
    "data": [
      {
        "text": "that was very ",
        "userDefined": false
      },
      {
        "text": "good",
        "meta": "@sys.ignore",
        "userDefined": true
      }
    ],
    "isTemplate": false,
    "count": 1,
    "updated": 1529427967
  },
  {
    "id": "31ce26ca-30f9-4716-9e95-999193880f03",
    "data": [
      {
        "text": "that\u0027s fine",
        "userDefined": false
      }
    ],
    "isTemplate": false,
    "count": 1,
    "updated": 1529427967
  },
  {
    "id": "2fce35e0-5029-4e51-bb86-6735c42fa2dd",
    "data": [
      {
        "text": "perfect",
        "userDefined": false
      }
    ],
    "isTemplate": false,
    "count": 2,
    "updated": 1529427967
  },
  {
    "id": "e6debd72-3b7f-4a5f-a790-196dcf00bf95",
    "data": [
      {
        "text": "good",
        "meta": "@sys.ignore",
        "userDefined": true
      },
      {
        "text": " thing",
        "userDefined": false
      }
    ],
    "isTemplate": false,
    "count": 1,
    "updated": 1529427967
  },
  {
    "id": "ff6b9163-9eaf-4b21-87f4-0d627dcb783c",
    "data": [
      {
        "text": "that\u0027s really ",
        "userDefined": false
      },
      {
        "text": "good",
        "meta": "@sys.ignore",
        "userDefined": true
      }
    ],
    "isTemplate": false,
    "count": 1,
    "updated": 1529427967
  }
]